9;imie;nazwisko;1;0.000000;0
8;imie;nazwisko;2;0.000000;0
7;imie;nazwisko;3;0.000000;0
6;imie;nazwisko;4;0.000000;0
5;imie;nazwisko;5;0.000000;0
4;imie;nazwisko;6;0.000000;0
2;imie;nazwisko;19950805;0.000000;0
1;imie;nazwisko;20000404;0.000000;0
3;imie;nazwisko;20010505;0.000000;0
